link,title
/mnh/fuo/4527247137.html,Exquisite Crate and Barrel black leaning bookshelf
/que/fud/4514325934.html,(2) Office Suites for sale / 4 pieces each/$1199 each
/brk/fud/4508964788.html, â—†BUY DIRECT & SAVE â—† NEW PLUSH MATTRESS â—† PILLOWTOP - -  
/que/fud/4514249375.html,Office Chair Blowout / 1 of a kind styles from $19
/mnh/fuo/4527207759.html,SECTIONAL COUCH 90% OFF WEST ELM LORIMER 
/brk/fud/4527226550.html,MATTRESS SALE NYC
/jsy/fud/4514237421.html,Office Chair Blowout / single chairs from $19
/lgi/fud/4514234442.html,Office Chair Overstock / single chairs from $19
/mnh/fuo/4511167291.html,Dresser 6 wood drawers walnut Empire style
/brx/fud/4485925001.html,N_E_W____D_I_N_I_N_G____S_E_T_____CHERRY - GLASS - OAK AVAILABLE  - 
/fct/fud/4527246076.html,"48"" Round Dining Table with 4 High Back Leather Chairs"
/wch/fud/4514230717.html,Office Chair Overstock / single chairs from $19.99
/fct/fud/4514226943.html,Office Chair Blowout / single chairs from $19.99
/jsy/fuo/4527245659.html,Selling Ikea Table LINNMON/ ADILS
/mnh/fud/4527225560.html,Brass Fountain Floor Lamp
/que/fuo/4523479541.html,QUEEN SIZE BED AND MATTRESSES OBO 
/fct/fud/4518449351.html,50 Stack Chairs
/brx/fud/4518461762.html,50 Stack Chairs
/wch/fud/4518451817.html,50 Stack Chairs 
/mnh/fud/4527244509.html,$99_________________M_A_T_T_R_E_S_S___ S_A_L_E___________________$99
/brk/fuo/4527244510.html,crate & barrel felix chairs (4)
/brx/fuo/4486985193.html,Mini pebble jute wool carpet 9x12
/stn/fuo/4527244436.html,Hall Storage with Mirror - OAK
/brx/fuo/4487231425.html,Table top tempered glass
/lgi/fud/4518454515.html,50 Stack Chairs
/mnh/fud/4527191424.html,MATTRESS DISCOUNT Sale
/mnh/fud/4527201361.html,World Vision Series Globe Lamp
/mnh/fuo/4527243711.html,Cantoni Designer Lucite Swivel Stools (HALF OFF!)
/que/fud/4518464360.html,50 Stack Chairs
/stn/fud/4518459301.html,50 Stack Chairs
/brk/fuo/4527243138.html,Ikea pine closet. 
/brk/fud/4518472899.html,50 Stack Chairs
/mnh/fuo/4523722650.html,IKEA Malm full size bed frame
/brk/fud/4527198771.html,SLEEP ON A NEW MATTRESS TWIN FULL QUEEN
/mnh/fud/4518475298.html,50 Stack Chairs
/brx/fuo/4487820821.html,Glass Pendant Lighting/Chandelier/Wide
/brk/fuo/4522046118.html,Super comfortable down-filled sofa
/mnh/fuo/4527215846.html,Poker Table/Dining Room Table
/jsy/fud/4518457066.html,50 Stack Chairs
/mnh/fuo/4527242121.html,Ikea Brimnes 3-drawer chest- white
/mnh/fuo/4527231893.html,2 Kartell Ami Ami dining chairs
/fct/fud/4518556838.html,10 Efficiencies / Dorms of Furniture //12 pieces per unit
/lgi/fud/4518566513.html,10 Efficiencies / Dorms of Furniture //12 pieces per unit
/wch/fud/4518563044.html,10 Efficiencies / Dorms of Furniture //12 pieces per unit
/jsy/fud/4518570155.html,10 Efficiencies / Dorms of Furniture // 12 pieces per unit
/que/fuo/4527240085.html,Real Opportunity  4 Drawer STERILITE Dresser/cabinet
/brx/fud/4518577889.html,10 Efficiencies / Dorms of Furniture //12 pieces per unit
/mnh/fuo/4527239922.html,GREAT CONDITION - IKEA BED 
/lgi/fuo/4527239857.html,White Daybed with  Trundle
/stn/fud/4518573859.html,10 Efficiencies / Dorms of Furniture //12 pieces per unit
/que/fud/4504997525.html, 	N_E_E_D___F_U_R_N_I_T_U_R_E??_________W_E___H_A_V_E___I_T___A_L_L___
/brk/fud/4514329158.html,(2) Office Suites for sale / 4 pieces each/$1199 each
/que/fuo/4527239250.html,2 SOLID BRASS BED FRAMES
/mnh/fud/4514332703.html,(2) Office Suites for sale / 4 pieces each/$1199 each
/brk/fud/4523021099.html, â—†BUY DIRECT & SAVE â—† NEW PLUSH MATTRESS â—† PILLOWTOP - -  
/mnh/fud/4484352288.html,BRAND NEW MATTRESS @ AFFORDABLE PRICES @ BEST DEAL BEDDING
/que/fuo/4527238473.html,MOVING SALE_Microwave/Bagel Toaster/Pilate Mat
/mnh/fuo/4519505613.html,Brand New-Wood Storage Bench (White) w/3 Drawers & Woven Baskets
/wch/fud/4527238301.html,"48"" Round Dining Table with 4 High Back Leather Chairs"
/mnh/fud/4527209493.html,$99_________________M_A_T_T_R_E_S_S___ S_A_L_E___________________$99
/mnh/fuo/4519467856.html,Excellent Condition Blue Microfiber Suede Futon w/ wood frame - Full 
/brx/fud/4515121295.html,  MATTRESS SALE_______MATTRESS SALE _________MATTRESS SALE____________
/lgi/fud/4527237942.html,"48"" Round Dining Table with 4 High Back Leather Chairs"
/jsy/fud/4527237574.html,"48"" Round Dining Table with 4 High Back Leather Chairs"
/mnh/fuo/4527237552.html,Kitchen table set 3 piece only 50$
/brk/fud/4508926146.html,"DO NOT MISS the ""SPECIAL"" of the MONTH=Sectionals=Bedroom Set =- "
/fct/fud/4514394880.html,(2) Credenza + matching Bookcase Sets / $599 each
/stn/fud/4527237163.html,"48"" Round Dining Table with 4 High Back Leather Chairs"
/brx/fuo/4495502049.html,Carpet -- Indoor/Outdoor 
/brx/fud/4527237144.html,  â—¢â—¤â—¢â—¤___âƒŸ-=====THE BEST PRICE in TOWN   ==>&gt
/brk/fuo/4527237104.html,Leather Couch Great Condition
/lgi/fud/4514401391.html,(2) Credenza + Matching Bookcase / $599 per set
/brx/fud/4527236757.html,"48"" Round Dining Table with 4 High Back Leather Chairs"
/que/fud/4502657089.html,      ðŸ”´___________ CLEARANCE = SECTIONAL 
/mnh/fuo/4510512479.html,FOLD AWAY LIQUOR CABINET & BAR
/fct/fuo/4527236507.html,Todd Hase brown couch
/wch/fud/4514727204.html,Sleeper Sofa with 2 Matching Chairs
/que/fud/4496128190.html,-QUEEN BED SALE $159_____â—†____MATTRESS - - - FUTON---------
/lgi/fud/4514728750.html,Sleeper Sofa with 2 Matching Chairs
/brk/fud/4514742105.html,Sleeper Sofa with 2 matching chairs
/brk/fud/4505011914.html,    â—¢â—¤â—¢â—¤____âƒŸ-THE BEST VARIETY in FURNITURE ==>
/jsy/fud/4514735836.html,Sleeper Sofa with 2 matching chairs
/mnh/fud/4521707190.html, ðŸ”´____SECTIONAL SALE____SOFA BEDS_____BUNK BEDS____MATTRESS SALE_____=
/que/fud/4514740464.html,Sleeper Sofa with 2 matching chairs
/brx/fud/4514738827.html,Sleeper Sofa with 2 Matching Chairs
/que/fuo/4527234867.html,Entrance buffet table new in box
/mnh/fuo/4527234781.html,BLACK-BROWN 4-DRAWER CHEST WITH GLASS TOP
/stn/fud/4514737444.html,Sleeper Sofa with 2 Matching Chairs
/brk/fud/4513739755.html,"DO NOT MISS the ""SPECIAL"" of the MONTH=Sectionals=Bedroom Set =- "
/fct/fud/4514750805.html,40 office chairs
/mnh/fud/4514743478.html,Sleeper Sofa with 2 matching chairs
/que/fud/4517252029.html,Especial!!!Storage Bed Cabinet & 6 Drawers = MATTRESS ________ 
/fct/fuo/4527234027.html,Crate & Barrel chocolate leather desk chair
/wch/fud/4514752584.html,40 Office Chairs 
/lgi/fud/4514753978.html,40 Office Chairs
/brx/fud/4511604860.html,  MATTRESS SALE_______MATTRESS SALE _________MATTRESS SALE____________
/jsy/fud/4514755505.html,40 Office Chairs
/stn/fud/4514756854.html,40 Office Chairs
/brx/fud/4514758187.html,40 Office Chairs
/que/fud/4514802436.html,Area Rug Event! Buy any 2 and get third for $10
